Brand,Processor_Type,RAM_GB,Storage_GB,Storage_Type,GPU_Type,Screen_Size_Inch,Weight_KG,Battery_Life_Hours,Price_Million_IDR
Apple,M1,4,512,SSD,Integrated,13.5,1.23,4.2,64.55
Dell,i5,4,256,SSD,Integrated,16.1,2.88,9.8,69.71
Acer,i7,8,1024,SSD,Dedicated,15.7,2.75,11.0,91.38
Apple,i3,16,256,SSD,Dedicated,16.1,1.9,5.8,97.11
HP,Ryzen 5,4,256,SSD,Dedicated,16.8,2.97,5.3,70.86
Acer,Ryzen 5,16,512,HDD,Integrated,16.1,1.0,4.5,99.91
Acer,Ryzen 3,4,256,HDD,Dedicated,15.4,2.23,10.6,69.62
Apple,i5,4,1024,HDD,Integrated,16.4,2.23,6.5,77.84
Lenovo,M2,32,1024,HDD,Dedicated,15.7,1.91,7.2,154.7
HP,i3,32,1024,SSD,Dedicated,14.6,1.79,8.0,146.76
Apple,i5,32,1024,SSD,Integrated,16.5,1.91,10.7,151.41
HP,i3,16,512,HDD,Integrated,13.9,1.83,9.2,97.98
HP,Ryzen 3,8,256,SSD,Dedicated,15.9,2.46,8.9,79.13
Acer,Ryzen 3,4,512,SSD,Dedicated,16.5,1.27,5.4,75.2
Dell,M2,4,256,HDD,Integrated,15.9,1.4,8.1,74.06
HP,Ryzen 5,4,256,HDD,Dedicated,15.8,1.36,9.7,72.61
MSI,i5,16,256,SSD,Dedicated,16.0,1.52,11.8,106.77
Acer,Ryzen 7,32,512,SSD,Integrated,14.9,2.05,5.6,138.16
Lenovo,Ryzen 5,8,256,HDD,Dedicated,16.5,1.22,4.1,78.33
Dell,i5,16,512,HDD,Integrated,13.8,2.74,4.6,90.68
MSI,Ryzen 5,32,1024,HDD,Dedicated,13.5,1.59,7.0,142.06
MSI,Ryzen 7,16,1024,SSD,Integrated,14.1,1.33,10.6,103.94
Lenovo,i7,8,256,HDD,Dedicated,15.1,2.35,4.1,74.19
Dell,i7,32,512,HDD,Integrated,15.0,1.08,7.7,141.37
Acer,M2,16,1024,SSD,Dedicated,16.3,2.24,6.6,117.3
ASUS,i7,8,512,SSD,Integrated,14.6,2.4,4.4,73.69
Dell,i7,4,512,SSD,Dedicated,14.9,1.43,7.6,75.34
Lenovo,M1,8,256,SSD,Dedicated,13.1,1.08,6.0,71.9
MSI,i3,4,1024,SSD,Dedicated,14.6,1.73,6.8,73.17
Acer,M1,16,256,HDD,Dedicated,15.6,1.2,9.6,107.42
Dell,M1,32,256,HDD,Dedicated,13.1,1.23,8.2,135.95
ASUS,M2,32,1024,SSD,Dedicated,14.1,1.51,5.0,148.05
ASUS,M1,16,1024,SSD,Dedicated,13.8,1.59,11.7,112.21
HP,i7,32,512,SSD,Dedicated,13.2,2.06,9.1,136.06
HP,Ryzen 7,32,1024,SSD,Dedicated,14.9,2.36,10.1,150.94
Apple,M2,4,512,SSD,Integrated,13.7,2.19,4.6,65.18
Lenovo,M2,16,512,HDD,Integrated,16.0,1.3,4.4,105.71
Dell,Ryzen 3,8,512,HDD,Dedicated,16.4,1.34,4.2,77.89
Dell,M2,4,1024,HDD,Integrated,15.2,2.76,5.5,80.75
Apple,Ryzen 3,16,256,HDD,Dedicated,16.9,2.12,7.3,99.95
MSI,M2,4,512,SSD,Dedicated,14.8,2.74,11.5,73.95
MSI,i3,8,256,HDD,Integrated,15.1,1.74,7.7,70.11
Apple,i7,8,256,SSD,Dedicated,17.0,2.23,6.3,84.08
MSI,M2,16,1024,SSD,Dedicated,13.9,2.05,8.5,107.09
HP,i7,8,256,SSD,Integrated,16.8,1.64,4.9,78.58
Dell,i7,4,256,HDD,Integrated,13.2,1.94,8.9,61.15
Apple,Ryzen 5,8,1024,SSD,Dedicated,14.8,2.0,8.5,90.85
Dell,M2,4,512,HDD,Integrated,13.3,1.4,10.3,71.76
ASUS,i5,4,256,HDD,Integrated,15.9,1.63,11.9,69.33
HP,Ryzen 5,8,1024,SSD,Dedicated,15.4,2.58,6.0,87.06
Acer,i5,16,256,SSD,Integrated,15.8,2.83,8.1,92.28
HP,i7,32,256,SSD,Integrated,14.5,1.72,11.3,133.72
Apple,i7,8,512,HDD,Dedicated,14.5,1.61,10.3,81.55
Acer,Ryzen 5,4,256,SSD,Integrated,13.2,1.39,7.9,61.92
ASUS,Ryzen 5,4,1024,HDD,Integrated,14.4,2.36,11.6,77.86
Apple,i5,8,256,SSD,Dedicated,16.7,1.65,4.5,80.83
Lenovo,Ryzen 3,16,512,SSD,Dedicated,14.5,2.98,11.4,95.91
Dell,i5,16,512,HDD,Dedicated,16.3,1.65,4.4,101.2
ASUS,Ryzen 5,4,1024,HDD,Integrated,16.4,1.79,8.4,78.88
Dell,Ryzen 7,4,512,HDD,Dedicated,14.5,2.21,11.1,73.41
MSI,Ryzen 5,16,256,HDD,Dedicated,15.5,2.6,6.1,95.86
Lenovo,Ryzen 7,32,512,HDD,Integrated,13.4,1.94,7.8,133.21
Lenovo,i3,8,1024,HDD,Dedicated,13.4,1.85,6.6,81.76
ASUS,Ryzen 5,4,512,SSD,Dedicated,13.2,2.99,11.6,67.53
Lenovo,i3,4,512,SSD,Dedicated,15.3,1.02,10.6,72.07
Acer,Ryzen 3,16,512,HDD,Dedicated,14.7,2.79,9.7,98.96
Lenovo,i5,8,1024,SSD,Integrated,15.2,1.3,8.7,90.22
Dell,Ryzen 7,16,512,HDD,Dedicated,15.1,2.57,10.6,107.46
Dell,i5,8,512,SSD,Dedicated,14.4,2.24,7.1,79.18
Apple,i3,8,256,SSD,Integrated,15.7,1.68,7.6,75.42
Dell,Ryzen 7,8,1024,HDD,Dedicated,16.0,2.75,9.8,93.59
Apple,i5,4,512,HDD,Integrated,13.1,1.03,6.9,65.01
Dell,Ryzen 5,32,1024,HDD,Integrated,13.8,1.45,4.5,138.04
Acer,i7,16,512,SSD,Integrated,15.9,2.13,4.6,101.69
Apple,i3,32,512,HDD,Dedicated,14.5,1.7,4.9,134.97
HP,i5,16,512,SSD,Integrated,15.6,2.22,11.0,104.93
MSI,i3,8,256,HDD,Integrated,14.4,1.05,7.8,72.88
ASUS,M1,4,256,SSD,Integrated,14.6,1.23,9.7,68.42
Dell,i3,32,256,SSD,Dedicated,13.6,1.25,7.1,130.97
Lenovo,Ryzen 7,4,1024,HDD,Dedicated,14.0,1.38,6.1,78.22
Dell,M1,16,1024,SSD,Dedicated,15.4,1.92,6.8,113.07
Lenovo,M2,4,256,SSD,Dedicated,14.7,2.5,10.4,70.71
MSI,Ryzen 7,4,1024,HDD,Dedicated,16.1,2.81,9.0,83.83
MSI,i7,32,512,SSD,Dedicated,16.4,2.67,11.5,150.87
MSI,M1,8,512,HDD,Dedicated,15.2,1.39,9.4,83.99
Lenovo,M2,4,512,HDD,Integrated,16.0,1.88,8.6,77.19
Dell,Ryzen 5,8,256,HDD,Integrated,14.2,1.4,8.9,74.5
MSI,i3,16,1024,HDD,Integrated,14.7,1.53,11.5,108.74
Acer,i5,4,256,SSD,Integrated,15.9,2.01,10.3,67.33
Apple,Ryzen 3,32,1024,SSD,Dedicated,14.5,1.14,4.2,143.52
Lenovo,i3,16,512,SSD,Integrated,15.4,1.44,8.3,98.77
Lenovo,M2,16,256,HDD,Integrated,13.7,2.87,9.5,95.71
Dell,i3,32,1024,SSD,Integrated,15.4,1.93,10.0,147.52
Lenovo,i7,4,1024,SSD,Integrated,16.4,1.89,5.7,77.81
Lenovo,Ryzen 5,4,512,HDD,Dedicated,16.5,1.03,10.9,79.94
MSI,Ryzen 3,16,256,HDD,Dedicated,15.9,1.49,11.6,105.59
Dell,M1,4,256,SSD,Dedicated,16.0,2.73,5.9,71.69
MSI,M1,8,256,HDD,Integrated,15.2,1.33,11.1,84.6
Apple,M1,32,512,HDD,Dedicated,15.3,1.83,4.8,144.76
Apple,M2,8,256,HDD,Integrated,13.5,1.03,4.4,75.04
MSI,Ryzen 7,4,512,HDD,Dedicated,14.8,1.96,5.0,70.76
Apple,Ryzen 7,16,512,SSD,Dedicated,14.8,1.04,4.5,102.16
Dell,i5,32,512,HDD,Dedicated,16.8,2.64,10.8,148.27
ASUS,Ryzen 3,4,1024,HDD,Dedicated,14.7,2.65,4.5,72.09
MSI,M1,4,256,HDD,Dedicated,15.2,2.58,6.2,70.01
Acer,Ryzen 7,16,256,HDD,Integrated,15.1,1.57,4.8,93.58
Acer,M2,16,512,HDD,Dedicated,15.5,2.67,6.4,108.07
Lenovo,i5,8,512,HDD,Integrated,16.0,2.09,4.7,76.45
Apple,Ryzen 5,32,256,HDD,Integrated,13.9,1.75,9.3,133.98
Acer,i5,32,512,HDD,Integrated,15.1,2.25,5.1,138.44
Lenovo,Ryzen 7,16,256,SSD,Integrated,16.3,1.02,10.8,103.5
ASUS,i7,8,1024,HDD,Integrated,14.9,1.29,10.5,88.3
Dell,M2,32,512,SSD,Dedicated,14.1,2.48,4.1,140.85
Dell,i7,16,256,HDD,Dedicated,15.6,1.49,11.2,104.77
Dell,M1,4,512,HDD,Dedicated,16.3,2.2,4.2,76.27
Acer,i7,32,256,HDD,Dedicated,13.3,1.77,5.9,132.59
ASUS,M1,8,256,HDD,Integrated,16.1,2.71,4.3,79.98
Acer,M1,8,512,SSD,Dedicated,16.3,2.9,6.7,81.36
Apple,Ryzen 7,8,1024,HDD,Dedicated,14.8,2.77,8.1,89.84
Acer,i7,4,256,HDD,Integrated,16.9,1.54,10.4,77.23
ASUS,M1,32,256,SSD,Integrated,16.1,1.39,6.7,140.63
ASUS,Ryzen 3,32,256,SSD,Dedicated,16.1,1.95,9.6,140.5
Apple,Ryzen 5,4,1024,HDD,Dedicated,16.0,1.01,5.5,80.38
ASUS,i5,32,1024,SSD,Integrated,13.6,1.05,10.0,144.63
ASUS,i5,4,512,SSD,Dedicated,13.9,2.11,5.9,62.59
Dell,Ryzen 7,4,1024,SSD,Dedicated,14.9,2.04,5.1,76.64
Apple,i7,4,512,HDD,Dedicated,14.1,2.99,5.5,65.32
HP,i7,8,512,HDD,Dedicated,14.7,1.4,5.5,82.42
HP,M1,32,1024,HDD,Integrated,16.6,1.52,8.1,153.22
ASUS,M2,4,512,SSD,Integrated,16.3,1.23,10.8,78.29
HP,i3,32,1024,HDD,Integrated,15.5,2.84,4.6,140.52
HP,M1,8,512,SSD,Dedicated,16.4,2.56,9.7,87.3
ASUS,Ryzen 5,4,1024,HDD,Dedicated,16.1,2.64,9.2,82.6
HP,Ryzen 3,16,1024,HDD,Dedicated,14.7,2.81,11.0,107.8
Acer,i5,8,512,SSD,Dedicated,13.8,2.05,6.0,77.46
Lenovo,M1,16,256,HDD,Dedicated,15.1,1.9,7.6,101.68
Apple,i3,32,512,SSD,Integrated,15.9,1.66,11.4,143.12
Lenovo,i3,32,1024,SSD,Dedicated,14.7,2.18,9.3,145.97
ASUS,M1,8,256,HDD,Dedicated,15.7,1.91,7.1,80.97
Dell,Ryzen 7,32,512,SSD,Integrated,13.4,1.9,5.1,131.37
Apple,i5,16,512,HDD,Dedicated,16.0,2.87,6.1,99.48
ASUS,Ryzen 7,4,512,HDD,Integrated,16.3,2.97,8.6,73.39
Dell,Ryzen 3,4,256,SSD,Integrated,15.8,2.59,9.7,63.68
Lenovo,i3,4,1024,HDD,Integrated,16.9,2.51,5.0,79.23
ASUS,i3,8,512,SSD,Integrated,16.3,2.36,8.8,80.0
Apple,Ryzen 5,32,512,HDD,Integrated,16.6,1.33,8.4,147.21
Apple,Ryzen 3,16,512,HDD,Dedicated,16.7,1.12,8.1,106.72
MSI,i3,32,512,HDD,Integrated,16.2,2.38,9.5,138.76
Acer,Ryzen 3,32,512,HDD,Integrated,15.7,2.46,10.7,139.53
HP,i5,32,1024,HDD,Dedicated,13.0,1.09,6.6,139.66
Dell,i7,4,1024,SSD,Dedicated,14.9,2.86,11.1,82.03
MSI,i3,16,512,SSD,Integrated,15.3,1.18,5.3,94.68
HP,Ryzen 5,16,256,SSD,Dedicated,14.2,1.57,5.4,91.18
HP,i5,32,1024,SSD,Dedicated,14.3,2.34,6.1,147.67
ASUS,M1,4,256,SSD,Integrated,16.8,1.34,5.0,73.29
HP,Ryzen 3,4,1024,SSD,Integrated,16.6,1.11,5.8,80.14
Acer,M1,16,512,HDD,Dedicated,16.4,1.66,4.9,107.87
Apple,Ryzen 7,4,1024,HDD,Integrated,14.6,2.53,10.6,75.38
MSI,i5,4,512,SSD,Integrated,13.1,1.83,5.1,59.51
HP,M1,4,1024,SSD,Dedicated,13.3,2.31,10.0,77.12
ASUS,M2,8,512,HDD,Integrated,14.2,2.16,4.4,73.14
Acer,M2,32,512,HDD,Integrated,13.1,1.04,11.6,139.59
Lenovo,i3,16,512,HDD,Integrated,13.1,2.98,9.7,89.18
Apple,Ryzen 3,16,512,SSD,Integrated,16.7,1.08,4.1,99.69
Apple,i7,8,256,SSD,Integrated,15.8,2.94,10.1,83.97
MSI,i5,32,512,SSD,Dedicated,14.2,2.1,8.1,138.57
Apple,i3,16,256,HDD,Dedicated,13.5,2.93,10.2,91.36
HP,Ryzen 5,4,256,HDD,Integrated,15.0,1.23,8.2,65.05
ASUS,Ryzen 7,16,512,SSD,Dedicated,13.0,1.98,9.1,99.47
Apple,Ryzen 3,4,256,SSD,Integrated,16.8,1.34,10.3,68.32
Apple,i5,8,1024,HDD,Integrated,14.7,1.1,7.2,89.36
Lenovo,M2,4,512,HDD,Integrated,14.6,2.24,4.0,67.07
Lenovo,i5,16,256,HDD,Integrated,14.6,1.42,10.8,95.36
Dell,i7,16,512,HDD,Integrated,13.3,2.18,7.0,95.85
Acer,M2,16,512,SSD,Dedicated,15.6,1.22,8.0,106.27
HP,i7,8,512,HDD,Dedicated,15.9,1.66,4.1,84.61
Apple,Ryzen 5,8,256,HDD,Integrated,15.7,2.56,7.9,78.23
Apple,Ryzen 7,32,1024,HDD,Dedicated,13.6,1.87,11.9,149.39
ASUS,Ryzen 5,16,1024,SSD,Integrated,15.3,2.26,6.2,108.94
Dell,i3,4,256,SSD,Dedicated,15.3,2.29,7.2,66.35
Acer,i3,8,512,HDD,Integrated,16.5,2.69,9.5,82.06
Dell,Ryzen 5,16,256,HDD,Dedicated,14.5,1.65,10.5,101.0
MSI,Ryzen 7,16,256,HDD,Integrated,14.5,2.37,7.3,96.89
Acer,Ryzen 5,8,256,SSD,Integrated,15.5,2.92,6.5,73.68
Apple,Ryzen 7,32,512,SSD,Dedicated,15.5,2.46,11.5,148.28
Apple,Ryzen 7,8,256,SSD,Dedicated,14.9,1.98,9.4,82.88
Acer,M1,8,512,HDD,Integrated,14.8,2.26,5.0,75.37
Apple,M2,4,256,SSD,Dedicated,15.0,2.48,4.6,64.34
HP,Ryzen 3,4,1024,HDD,Integrated,16.4,2.22,7.9,77.43
Acer,Ryzen 7,32,256,HDD,Dedicated,14.8,1.03,5.8,134.83
Dell,i7,16,256,HDD,Dedicated,16.8,1.39,6.0,103.33
Acer,Ryzen 7,8,1024,SSD,Integrated,15.0,2.62,11.0,89.86
Apple,Ryzen 7,32,512,HDD,Dedicated,16.8,1.55,4.7,145.96
HP,Ryzen 7,4,512,SSD,Dedicated,16.3,2.46,9.7,77.37
HP,M1,8,256,SSD,Integrated,14.4,1.74,6.2,72.39
MSI,M2,16,1024,HDD,Dedicated,16.5,2.04,10.1,120.46
Dell,M1,4,512,HDD,Integrated,13.4,1.14,9.8,66.88
Lenovo,i3,4,256,SSD,Integrated,16.7,1.36,4.1,60.97
Lenovo,M1,4,1024,HDD,Integrated,15.5,2.91,8.1,78.56
Acer,i7,32,512,SSD,Integrated,13.2,2.78,5.1,133.02
MSI,i7,16,512,HDD,Integrated,15.6,2.3,10.9,103.91
ASUS,M1,8,1024,SSD,Dedicated,16.9,1.92,11.0,97.65
Acer,M2,32,1024,SSD,Integrated,13.3,2.35,7.3,143.78
MSI,Ryzen 5,32,1024,SSD,Integrated,15.2,2.24,7.6,146.56
Dell,Ryzen 3,32,1024,SSD,Dedicated,16.0,2.14,6.4,148.45
Dell,M2,4,256,HDD,Dedicated,16.2,1.12,9.7,76.99
Dell,M1,16,1024,HDD,Dedicated,14.7,2.27,6.9,110.55
Dell,Ryzen 7,32,512,SSD,Integrated,13.8,2.54,6.1,130.67
Dell,i5,8,512,SSD,Integrated,13.2,2.99,7.5,69.01
MSI,Ryzen 3,16,256,HDD,Integrated,15.3,1.02,4.7,89.36
MSI,Ryzen 3,8,512,HDD,Dedicated,14.8,2.46,10.0,82.09
HP,i7,16,512,HDD,Integrated,16.8,2.14,4.1,103.57
Lenovo,Ryzen 3,8,1024,HDD,Dedicated,13.2,1.87,9.2,82.89
Apple,M1,4,512,HDD,Integrated,15.7,1.26,5.5,69.39
Dell,Ryzen 7,32,256,HDD,Dedicated,13.1,1.82,5.9,133.62
ASUS,Ryzen 7,8,1024,SSD,Integrated,13.7,1.71,9.1,87.95
Apple,i3,16,1024,HDD,Integrated,14.8,1.61,11.9,108.01
MSI,Ryzen 7,32,256,HDD,Integrated,14.8,2.46,10.2,136.64
ASUS,M2,32,1024,SSD,Dedicated,15.7,2.4,5.8,153.76
ASUS,Ryzen 7,16,1024,HDD,Dedicated,16.6,2.18,5.4,113.76
ASUS,i7,8,256,HDD,Integrated,15.6,2.88,10.9,80.89
HP,Ryzen 7,4,1024,HDD,Integrated,16.8,1.7,7.6,85.1
MSI,i3,4,256,HDD,Integrated,16.5,1.49,5.1,64.74
ASUS,i5,8,256,HDD,Dedicated,15.3,2.31,10.9,78.67
Dell,M1,32,512,SSD,Integrated,16.3,1.4,10.5,147.08
Acer,i7,32,512,HDD,Integrated,15.6,1.63,11.9,146.63
ASUS,M2,32,1024,SSD,Integrated,13.3,1.45,11.3,147.45
HP,i5,32,1024,SSD,Integrated,16.0,1.14,10.8,150.79
Apple,i7,8,256,HDD,Dedicated,13.4,2.65,4.4,70.58
MSI,Ryzen 5,32,1024,SSD,Dedicated,15.4,1.51,4.8,150.35
HP,Ryzen 3,16,256,HDD,Integrated,15.8,1.95,8.6,95.47
ASUS,Ryzen 5,32,256,SSD,Integrated,13.3,1.09,8.3,130.19
MSI,Ryzen 7,4,1024,SSD,Dedicated,13.9,2.4,7.7,77.26
Acer,i5,32,256,HDD,Dedicated,16.7,1.66,7.2,142.38
ASUS,Ryzen 7,8,512,HDD,Integrated,15.5,2.49,7.4,76.5
HP,Ryzen 3,4,1024,HDD,Dedicated,14.0,1.82,8.6,75.9
Lenovo,i7,8,512,HDD,Dedicated,15.8,1.39,4.0,84.01
Dell,Ryzen 3,8,1024,HDD,Integrated,15.4,2.03,6.1,83.43
Apple,i3,4,256,SSD,Dedicated,15.0,1.26,8.1,68.55
HP,Ryzen 3,8,1024,SSD,Dedicated,16.9,1.88,9.8,96.51
MSI,i3,8,512,SSD,Integrated,15.7,1.63,5.4,78.25
ASUS,Ryzen 3,32,256,SSD,Integrated,14.5,2.82,8.4,128.13
Dell,M1,16,1024,SSD,Dedicated,16.2,1.12,9.7,116.41
ASUS,i3,8,1024,SSD,Integrated,16.5,2.39,7.6,89.59
MSI,i5,8,1024,SSD,Dedicated,13.5,1.37,4.2,78.41
ASUS,Ryzen 7,8,512,HDD,Integrated,13.8,1.64,7.6,76.4
Lenovo,M2,32,512,HDD,Dedicated,13.9,1.83,6.4,141.63
Dell,Ryzen 7,16,1024,SSD,Integrated,15.8,2.82,11.4,108.15
Dell,Ryzen 5,4,256,SSD,Dedicated,15.4,1.49,5.0,67.27
MSI,Ryzen 7,32,256,HDD,Dedicated,15.5,1.18,9.2,144.84
Apple,i7,32,512,HDD,Dedicated,16.8,1.64,4.4,143.17
Lenovo,M1,16,256,HDD,Integrated,16.1,1.21,7.6,104.72
HP,Ryzen 3,16,512,HDD,Integrated,13.5,1.26,8.4,90.99
ASUS,Ryzen 5,32,1024,SSD,Dedicated,14.4,2.15,6.4,146.6
Acer,i7,4,512,HDD,Dedicated,14.7,1.12,7.6,73.01
ASUS,i7,32,512,SSD,Integrated,14.6,1.06,5.3,138.27
ASUS,i3,16,1024,SSD,Integrated,15.7,2.43,6.4,101.37
HP,Ryzen 7,4,256,SSD,Integrated,16.6,1.72,9.0,74.78
ASUS,i5,16,512,HDD,Integrated,14.2,1.25,6.4,96.18
Lenovo,M2,4,512,HDD,Integrated,15.2,1.51,11.2,79.22
Lenovo,i5,8,1024,SSD,Integrated,16.2,2.28,9.0,87.23
Dell,Ryzen 5,16,256,SSD,Dedicated,14.7,1.55,7.5,96.25
MSI,M1,16,512,SSD,Integrated,13.7,1.99,4.3,94.65
Apple,i5,32,1024,HDD,Dedicated,14.9,1.24,8.0,149.72
Acer,Ryzen 3,16,512,SSD,Integrated,13.2,2.18,10.1,93.42
ASUS,i5,16,1024,HDD,Integrated,16.8,1.63,6.1,109.81
ASUS,Ryzen 5,8,256,SSD,Dedicated,13.3,2.25,10.5,78.01
HP,M2,16,256,SSD,Dedicated,14.8,2.62,6.0,98.19
MSI,i5,8,256,SSD,Integrated,15.1,2.22,10.6,70.52
Lenovo,Ryzen 3,8,256,HDD,Dedicated,16.9,1.59,4.7,79.08
Acer,i3,8,512,HDD,Dedicated,13.7,1.51,10.9,80.76
Dell,M1,8,512,SSD,Dedicated,13.5,1.65,8.0,78.26
Lenovo,Ryzen 5,4,256,HDD,Dedicated,13.0,1.33,6.4,58.99
MSI,i3,32,256,SSD,Integrated,13.6,1.36,6.1,125.8
Apple,i3,4,256,HDD,Dedicated,13.8,2.58,7.5,58.22
Dell,i3,16,512,HDD,Integrated,15.5,1.77,12.0,100.17
Apple,i7,4,256,HDD,Integrated,13.9,1.87,5.8,63.19
HP,M1,4,256,SSD,Integrated,13.1,2.19,4.8,61.75
HP,M2,16,256,HDD,Integrated,16.3,2.18,8.7,97.58
ASUS,Ryzen 7,16,1024,HDD,Dedicated,14.5,1.13,7.9,109.73
Apple,M1,16,256,SSD,Dedicated,14.4,2.66,8.2,98.22
MSI,i7,4,1024,SSD,Integrated,14.2,1.35,9.3,77.78
Acer,Ryzen 7,4,1024,SSD,Integrated,16.9,2.45,6.1,85.06
Dell,M1,16,256,SSD,Integrated,13.7,2.55,11.3,91.13
Lenovo,i3,32,1024,HDD,Integrated,16.6,2.43,7.5,142.34
MSI,Ryzen 5,32,256,HDD,Dedicated,16.1,2.16,5.0,142.02
MSI,Ryzen 7,8,512,HDD,Integrated,13.3,1.03,9.9,79.46
HP,Ryzen 3,16,512,HDD,Dedicated,16.9,1.72,9.1,104.94
Apple,Ryzen 3,8,512,HDD,Integrated,14.1,2.21,6.5,72.21
ASUS,i5,32,512,SSD,Integrated,13.4,1.77,9.0,134.91
ASUS,Ryzen 7,8,1024,HDD,Integrated,16.3,2.73,5.8,87.61
Dell,Ryzen 5,16,256,HDD,Integrated,15.8,1.62,7.6,97.17
HP,M2,16,256,HDD,Dedicated,15.5,1.59,11.2,106.62
MSI,i7,16,256,SSD,Dedicated,13.6,1.53,5.1,97.46
Acer,i3,4,512,SSD,Dedicated,14.9,1.67,7.1,70.48
HP,i5,8,512,HDD,Integrated,16.1,2.11,10.6,86.77
Dell,Ryzen 3,32,256,SSD,Integrated,14.2,2.41,11.8,129.58
Dell,i7,32,512,SSD,Dedicated,14.2,2.33,7.6,139.17
HP,i7,32,256,SSD,Dedicated,13.0,2.62,8.1,132.87
Dell,i3,4,256,SSD,Integrated,13.7,2.77,8.6,53.82
HP,M2,4,256,SSD,Integrated,16.5,2.63,11.5,76.96
Lenovo,M2,16,256,SSD,Dedicated,14.8,1.04,10.9,105.68
HP,Ryzen 7,32,256,SSD,Integrated,16.9,2.47,5.4,138.42
Apple,Ryzen 3,4,256,HDD,Integrated,14.6,1.42,7.5,61.14
HP,M2,16,256,HDD,Dedicated,15.9,1.27,7.7,107.3
Dell,Ryzen 5,32,512,SSD,Integrated,14.1,2.28,10.3,135.21
Apple,M2,8,256,HDD,Dedicated,14.5,1.64,8.8,83.51
Dell,i7,16,256,HDD,Integrated,13.8,1.11,9.2,94.43
ASUS,i3,4,512,SSD,Dedicated,14.4,1.28,12.0,73.07
ASUS,Ryzen 5,4,512,HDD,Integrated,15.2,1.0,4.6,67.63
Apple,Ryzen 7,16,512,SSD,Dedicated,17.0,2.81,5.8,110.57
Lenovo,Ryzen 3,16,256,SSD,Dedicated,15.7,1.05,7.3,96.43
ASUS,Ryzen 7,4,1024,SSD,Dedicated,13.8,1.42,6.8,75.92
HP,i7,8,1024,HDD,Dedicated,13.2,1.83,4.2,79.56
Dell,Ryzen 5,32,512,HDD,Integrated,13.5,1.71,4.7,129.18
ASUS,Ryzen 5,8,1024,HDD,Integrated,15.3,2.82,9.4,87.98
ASUS,Ryzen 5,16,512,HDD,Dedicated,16.1,1.08,11.0,111.36
Lenovo,i7,8,256,SSD,Integrated,16.8,2.02,8.1,83.34
Apple,i7,4,1024,SSD,Integrated,13.1,2.36,8.3,71.75
Apple,Ryzen 7,16,256,HDD,Integrated,15.1,2.86,6.0,91.86
MSI,i5,32,1024,SSD,Integrated,14.9,2.24,10.1,148.58
Lenovo,Ryzen 7,4,256,SSD,Integrated,15.6,2.61,10.0,66.83
HP,Ryzen 3,4,1024,HDD,Dedicated,15.2,1.17,8.7,76.47
Apple,i3,32,256,SSD,Dedicated,15.7,1.77,5.7,135.23
Dell,Ryzen 5,32,256,HDD,Dedicated,15.6,1.75,4.8,132.79
Lenovo,i5,8,1024,SSD,Dedicated,13.5,2.77,4.5,77.54
ASUS,i3,16,256,HDD,Integrated,16.2,1.3,8.7,101.22
Dell,i5,32,256,SSD,Integrated,13.5,1.3,10.6,129.74
Dell,M2,32,256,SSD,Dedicated,15.8,1.66,10.9,144.09
ASUS,M2,16,1024,HDD,Integrated,14.7,1.11,7.7,110.1
Lenovo,M1,32,1024,HDD,Integrated,15.1,1.36,10.3,152.11
ASUS,M2,32,256,HDD,Dedicated,16.6,2.93,11.6,147.06
MSI,Ryzen 7,8,256,HDD,Integrated,16.6,1.86,6.2,75.8
Dell,M2,4,1024,SSD,Dedicated,16.3,2.26,7.2,87.33
Acer,i7,4,1024,SSD,Dedicated,15.0,2.45,11.5,82.0
Acer,Ryzen 5,4,256,HDD,Integrated,15.9,1.73,6.7,68.75
HP,Ryzen 7,4,256,SSD,Integrated,15.1,1.29,11.3,68.96
Apple,i3,32,256,HDD,Dedicated,16.5,1.41,11.8,145.63
ASUS,M1,16,512,HDD,Dedicated,14.6,1.63,9.3,107.07
ASUS,M1,16,1024,SSD,Integrated,16.9,2.27,10.5,115.12
HP,M1,8,512,SSD,Dedicated,16.7,1.8,10.0,92.84
HP,i3,8,1024,HDD,Dedicated,16.0,1.01,9.6,89.87
HP,i3,32,1024,HDD,Dedicated,14.1,2.05,6.5,143.31
Dell,i3,16,1024,HDD,Integrated,13.5,2.84,4.5,97.64
MSI,i3,16,1024,SSD,Dedicated,16.4,2.62,6.7,110.03
ASUS,M1,4,1024,SSD,Integrated,13.7,2.65,9.3,79.74
Dell,M1,32,1024,SSD,Dedicated,16.4,2.59,4.8,153.66
HP,i5,32,1024,SSD,Integrated,15.0,1.65,4.1,142.43
ASUS,Ryzen 7,4,512,HDD,Dedicated,14.6,2.53,5.1,74.45
Dell,Ryzen 5,32,256,HDD,Integrated,16.6,1.29,9.7,144.73
MSI,M2,32,256,HDD,Integrated,15.4,2.32,11.8,138.79
Dell,M2,8,512,HDD,Integrated,15.3,2.28,11.9,84.11
MSI,i7,16,512,HDD,Dedicated,15.2,1.05,8.0,103.03
HP,M1,32,512,HDD,Dedicated,14.5,2.58,11.0,145.4
MSI,i7,8,512,SSD,Dedicated,16.1,2.81,9.9,87.83
ASUS,Ryzen 7,16,1024,SSD,Integrated,14.0,1.53,8.0,106.59
HP,Ryzen 7,4,256,HDD,Dedicated,16.8,2.62,8.6,70.93
ASUS,i7,8,1024,HDD,Integrated,16.6,1.16,5.1,90.22
Acer,M1,8,256,SSD,Dedicated,14.3,2.2,11.5,80.34
Lenovo,i7,16,256,SSD,Integrated,15.9,1.97,6.8,94.38
MSI,M2,4,512,SSD,Integrated,15.3,2.09,7.6,70.78
Lenovo,i5,8,1024,SSD,Integrated,14.4,2.85,9.4,86.52
Lenovo,M2,32,512,HDD,Dedicated,17.0,2.74,6.7,145.82
MSI,Ryzen 3,32,1024,HDD,Dedicated,13.1,2.57,6.0,141.52
HP,M1,32,256,HDD,Dedicated,14.0,1.55,9.0,140.9
Acer,M1,4,512,HDD,Integrated,15.1,2.82,4.2,66.53
ASUS,Ryzen 5,8,512,HDD,Integrated,15.1,1.2,9.8,79.72
Dell,i3,32,256,SSD,Dedicated,15.4,2.71,8.1,137.12
ASUS,Ryzen 3,4,256,HDD,Dedicated,16.0,1.66,8.8,67.81
Dell,Ryzen 7,32,256,SSD,Dedicated,15.5,1.11,9.1,141.48
ASUS,M1,16,512,HDD,Integrated,15.4,2.34,8.2,101.88
MSI,i7,8,1024,HDD,Integrated,13.2,1.46,8.7,79.47
Acer,Ryzen 3,8,512,HDD,Integrated,14.5,1.49,9.5,73.65
Dell,Ryzen 5,4,1024,HDD,Integrated,13.9,1.61,10.0,74.01
Apple,Ryzen 7,4,512,HDD,Integrated,14.1,1.13,9.8,71.08
HP,i3,8,512,SSD,Dedicated,15.2,1.35,11.0,81.45
ASUS,i3,32,256,SSD,Integrated,13.8,1.01,5.5,127.73
ASUS,Ryzen 5,32,1024,SSD,Integrated,14.2,1.89,7.2,139.66
Dell,Ryzen 5,16,512,HDD,Integrated,13.9,1.17,11.6,100.77
HP,i7,32,512,HDD,Integrated,16.8,2.37,7.2,144.73
HP,M1,4,256,SSD,Integrated,16.8,1.47,5.0,71.65
MSI,i3,4,256,HDD,Dedicated,15.4,2.89,8.2,66.24
Apple,Ryzen 7,32,1024,HDD,Integrated,16.7,2.74,4.9,149.43
MSI,Ryzen 3,4,512,SSD,Integrated,16.1,1.58,5.6,67.12
MSI,Ryzen 7,8,1024,HDD,Integrated,15.4,2.57,12.0,93.56
MSI,i5,8,512,SSD,Dedicated,13.0,2.61,8.3,74.72
MSI,i5,32,1024,HDD,Dedicated,16.1,2.97,6.3,148.91
MSI,Ryzen 5,8,256,SSD,Dedicated,15.8,2.2,12.0,82.52
Acer,i7,8,512,HDD,Integrated,15.5,1.16,11.7,85.74
HP,i5,16,1024,HDD,Dedicated,16.0,2.29,7.5,110.57
MSI,i3,16,256,SSD,Integrated,15.1,2.25,6.1,91.54
HP,Ryzen 7,8,256,HDD,Integrated,15.8,2.28,10.7,78.51
HP,Ryzen 7,32,1024,HDD,Dedicated,16.7,1.61,9.7,156.08
Lenovo,Ryzen 5,16,512,SSD,Integrated,14.5,2.72,9.5,97.82
Acer,M1,4,512,HDD,Integrated,15.8,2.92,11.1,74.29
MSI,M1,4,256,SSD,Integrated,14.9,1.44,9.5,70.92
ASUS,Ryzen 3,4,512,HDD,Dedicated,15.7,1.18,6.3,71.87
Dell,Ryzen 5,32,512,HDD,Integrated,16.1,1.39,9.6,142.47
Apple,M2,8,512,HDD,Integrated,13.2,2.64,6.4,75.59
ASUS,Ryzen 3,4,256,HDD,Dedicated,15.6,2.35,10.1,70.59
Acer,M2,32,1024,SSD,Integrated,13.9,2.27,9.0,147.75
Dell,M1,16,512,HDD,Integrated,15.7,1.8,4.6,102.09
Acer,Ryzen 5,8,256,SSD,Dedicated,14.9,2.16,8.1,76.44
HP,M2,16,256,HDD,Integrated,16.1,1.62,6.7,103.06
Dell,Ryzen 5,32,1024,HDD,Integrated,13.5,1.95,6.6,139.05
HP,Ryzen 5,4,512,HDD,Integrated,15.5,2.59,8.8,70.01
ASUS,M1,4,512,HDD,Integrated,14.1,2.96,6.6,70.96
ASUS,Ryzen 3,32,1024,SSD,Integrated,16.4,2.86,10.2,149.51
Dell,Ryzen 3,4,1024,SSD,Dedicated,16.7,2.87,4.6,76.99
Dell,Ryzen 5,8,256,SSD,Dedicated,17.0,1.8,9.3,83.73
MSI,i5,32,256,SSD,Dedicated,16.2,1.94,10.5,142.79
Acer,i7,16,1024,HDD,Dedicated,16.0,2.41,9.4,115.97
MSI,M1,32,512,SSD,Integrated,13.9,2.84,8.0,136.81
Acer,i7,8,256,SSD,Integrated,14.3,1.28,11.6,76.8
MSI,i7,8,256,HDD,Integrated,14.9,1.61,6.4,73.94
HP,Ryzen 3,32,512,HDD,Integrated,16.1,1.28,4.2,137.72
Dell,Ryzen 3,32,256,HDD,Integrated,16.7,2.22,7.5,136.69
ASUS,i5,4,512,HDD,Dedicated,13.8,1.61,4.3,66.01
Acer,i7,8,512,SSD,Dedicated,16.7,1.65,11.6,93.42
Acer,i7,32,512,SSD,Integrated,15.8,1.14,5.7,147.38
ASUS,Ryzen 5,32,1024,HDD,Integrated,15.4,1.7,10.3,146.33
MSI,Ryzen 3,8,1024,HDD,Integrated,13.8,2.72,10.2,82.21
Acer,i7,32,1024,HDD,Dedicated,13.2,1.47,5.7,144.51
Apple,Ryzen 7,4,512,SSD,Integrated,15.3,2.39,9.0,67.51
HP,i5,8,512,SSD,Integrated,15.6,2.26,4.4,79.11
Dell,M2,4,1024,HDD,Integrated,13.8,2.73,7.9,75.83
ASUS,Ryzen 7,4,256,HDD,Dedicated,15.2,1.26,4.1,69.43
Dell,Ryzen 7,4,512,SSD,Integrated,16.4,2.96,11.4,72.16
Apple,M2,4,256,HDD,Dedicated,16.3,2.17,11.8,77.48
Acer,M1,8,256,HDD,Dedicated,16.7,2.99,5.8,79.94
Acer,M1,4,512,SSD,Dedicated,14.5,2.82,5.7,73.84
Apple,i5,4,512,HDD,Dedicated,14.3,1.44,10.0,73.71
ASUS,Ryzen 7,32,256,SSD,Dedicated,16.0,1.11,6.0,140.61
HP,i7,8,256,HDD,Dedicated,14.7,1.51,11.2,78.56
Lenovo,Ryzen 3,8,1024,HDD,Integrated,13.4,2.06,8.6,79.74
ASUS,i5,16,1024,SSD,Integrated,14.1,1.34,6.8,105.27
Lenovo,Ryzen 5,8,512,SSD,Integrated,14.7,1.33,10.7,76.87
Apple,M2,8,1024,HDD,Dedicated,14.2,1.93,7.9,88.52
MSI,Ryzen 7,16,1024,SSD,Integrated,14.3,1.07,11.3,107.48
Lenovo,i5,8,1024,HDD,Dedicated,14.2,1.24,11.4,91.95
HP,i3,8,1024,HDD,Dedicated,13.2,1.83,5.3,78.72
MSI,i3,8,256,SSD,Dedicated,15.5,1.13,4.0,74.19
Lenovo,M1,8,512,HDD,Integrated,15.4,1.79,11.9,86.06
Apple,M2,16,1024,HDD,Dedicated,15.6,1.95,11.2,115.44
MSI,Ryzen 3,8,256,SSD,Dedicated,13.8,1.9,4.4,66.02
Apple,i7,8,256,SSD,Integrated,14.2,2.74,10.7,77.63
Lenovo,Ryzen 3,16,256,HDD,Integrated,15.5,2.06,7.7,96.33
Apple,Ryzen 3,32,1024,SSD,Dedicated,15.4,1.94,6.1,146.89
HP,Ryzen 3,4,1024,SSD,Dedicated,15.0,1.82,11.0,79.93
Lenovo,M2,32,512,SSD,Integrated,14.4,2.64,5.6,139.92
Lenovo,Ryzen 3,16,1024,SSD,Integrated,16.7,2.79,11.6,110.87
Lenovo,Ryzen 5,4,1024,HDD,Integrated,14.4,2.71,5.6,70.14
ASUS,M2,16,256,HDD,Dedicated,14.8,2.35,8.9,100.91
ASUS,Ryzen 5,16,512,HDD,Integrated,15.7,1.27,5.8,102.3
ASUS,M2,8,1024,SSD,Integrated,15.2,1.55,8.4,91.46
HP,M1,4,1024,SSD,Integrated,14.4,1.09,9.5,78.19
MSI,i5,8,256,SSD,Dedicated,14.7,2.86,5.5,73.34
Apple,i3,4,256,SSD,Integrated,16.2,2.32,8.2,66.83
Acer,Ryzen 3,16,1024,SSD,Integrated,14.1,2.49,7.8,101.24
Lenovo,M1,16,512,SSD,Integrated,13.6,1.62,4.6,95.84
Apple,i5,32,512,SSD,Integrated,14.3,2.69,10.5,135.29
Lenovo,i3,4,256,HDD,Integrated,16.4,1.52,6.7,67.66
HP,Ryzen 7,8,256,HDD,Dedicated,13.4,1.0,8.6,76.48
Lenovo,i7,32,1024,SSD,Dedicated,17.0,1.75,8.1,155.79
ASUS,Ryzen 5,32,256,SSD,Dedicated,15.2,2.14,8.1,139.23
Acer,Ryzen 7,32,1024,SSD,Integrated,16.9,1.96,4.9,150.13
Dell,M2,8,512,HDD,Dedicated,16.8,2.72,7.4,85.77
Lenovo,i3,32,512,HDD,Dedicated,14.8,1.21,7.6,137.34
Apple,Ryzen 7,8,1024,SSD,Dedicated,13.8,2.11,9.9,88.15
ASUS,i7,32,256,SSD,Integrated,13.7,2.03,10.7,135.61
Dell,M1,8,512,HDD,Integrated,14.0,1.56,8.4,77.33
Acer,i3,16,256,HDD,Dedicated,15.8,2.64,4.7,93.56
Dell,Ryzen 7,16,512,HDD,Dedicated,14.1,2.51,5.9,95.5
ASUS,Ryzen 5,16,1024,HDD,Integrated,14.4,2.47,5.3,103.06
MSI,Ryzen 5,16,1024,SSD,Integrated,14.8,2.75,5.0,105.07
MSI,i5,16,1024,HDD,Dedicated,16.7,2.45,6.9,115.52
Dell,Ryzen 7,32,512,HDD,Integrated,13.8,1.46,5.8,137.46
HP,Ryzen 3,32,256,SSD,Dedicated,13.0,2.41,5.7,128.51
Apple,Ryzen 7,32,256,HDD,Integrated,13.2,1.62,4.4,124.39
Apple,M1,8,256,HDD,Dedicated,16.6,1.48,4.1,83.05
Dell,i3,8,512,HDD,Dedicated,15.6,1.15,4.8,78.6
Lenovo,i3,8,512,SSD,Integrated,14.1,2.49,5.4,72.33
Lenovo,M1,8,512,HDD,Dedicated,13.7,2.42,7.4,73.99
Apple,Ryzen 7,16,512,SSD,Dedicated,14.2,1.47,8.1,101.94
Apple,M1,16,512,SSD,Dedicated,13.5,2.5,5.1,96.08
MSI,i7,16,256,HDD,Integrated,16.8,2.84,7.4,102.14
HP,M2,4,512,HDD,Integrated,16.1,1.22,6.7,78.61
ASUS,M1,32,512,HDD,Integrated,14.8,1.47,5.5,137.42
Lenovo,Ryzen 5,8,256,HDD,Dedicated,16.5,2.5,4.1,76.1
Apple,M1,8,512,SSD,Integrated,14.0,1.55,7.7,78.98
MSI,i3,16,256,HDD,Dedicated,15.9,2.25,9.5,102.23
Acer,Ryzen 5,8,256,HDD,Dedicated,16.4,1.16,5.8,81.06
MSI,i3,8,1024,HDD,Integrated,14.4,1.9,5.1,77.23
Lenovo,i5,32,1024,SSD,Integrated,16.0,2.48,11.1,149.31
Lenovo,Ryzen 3,16,1024,HDD,Dedicated,14.2,2.37,6.2,102.77
MSI,i3,32,1024,HDD,Dedicated,14.2,2.63,5.8,142.14
ASUS,Ryzen 5,4,512,SSD,Integrated,13.4,2.75,10.9,63.07
Dell,i5,4,1024,SSD,Integrated,14.8,2.55,10.5,75.08
Lenovo,i3,4,256,HDD,Integrated,15.9,2.34,7.6,62.15
MSI,i7,16,512,HDD,Dedicated,16.8,1.06,7.9,112.09
Apple,M1,8,1024,HDD,Dedicated,15.4,2.07,5.7,89.35
MSI,Ryzen 3,16,256,HDD,Dedicated,16.5,1.08,4.6,97.47
HP,i3,16,512,HDD,Dedicated,16.3,2.62,8.6,101.54
Dell,i5,8,512,SSD,Dedicated,13.7,1.64,4.8,71.95
Acer,i7,32,1024,SSD,Integrated,14.9,2.12,7.6,145.23
ASUS,Ryzen 7,4,512,HDD,Integrated,13.5,1.56,11.5,71.5
Acer,i5,32,256,HDD,Dedicated,15.7,2.57,11.6,138.95
Dell,M1,4,512,SSD,Dedicated,16.8,2.77,5.9,74.72
Dell,i5,16,256,HDD,Integrated,13.5,1.8,9.0,88.17
Dell,i7,4,512,HDD,Integrated,15.9,2.73,7.8,71.34
Acer,i5,16,1024,HDD,Integrated,15.5,1.53,11.0,114.14
Apple,i7,32,256,HDD,Integrated,15.3,2.07,6.2,135.33
Dell,i3,16,512,HDD,Dedicated,14.6,2.72,4.0,93.73
MSI,M2,32,512,SSD,Integrated,14.4,1.65,5.3,137.05
Acer,i7,8,512,HDD,Dedicated,13.2,2.91,6.8,75.23
Dell,i7,8,256,HDD,Integrated,13.9,1.24,6.5,75.34
MSI,Ryzen 3,8,256,HDD,Integrated,13.1,1.04,10.3,70.11
Apple,i7,16,256,SSD,Integrated,15.3,2.81,9.4,101.31
HP,i7,8,1024,SSD,Dedicated,13.4,1.14,6.4,88.49
Apple,Ryzen 7,4,1024,SSD,Dedicated,16.5,2.98,7.7,83.38
Dell,M2,32,256,SSD,Integrated,15.1,2.9,4.8,134.42
Acer,i3,32,512,HDD,Dedicated,15.8,1.27,11.2,148.4
Lenovo,M1,4,1024,SSD,Dedicated,14.6,2.08,11.5,83.51
Dell,Ryzen 3,16,256,HDD,Integrated,15.2,1.37,11.8,99.64
Lenovo,Ryzen 7,16,512,HDD,Integrated,16.8,1.86,10.9,112.02
MSI,Ryzen 5,32,1024,SSD,Dedicated,13.3,1.12,5.4,142.49
HP,M2,8,512,SSD,Dedicated,14.0,1.45,4.4,80.73
ASUS,i3,16,512,SSD,Dedicated,16.1,1.73,8.6,105.23
Apple,i3,16,512,SSD,Integrated,13.4,1.88,11.3,95.64
HP,Ryzen 5,4,512,SSD,Integrated,13.3,2.95,5.4,61.0
Dell,M1,4,1024,HDD,Dedicated,14.4,2.62,4.1,73.24
Lenovo,i7,8,1024,SSD,Integrated,13.4,2.47,10.4,82.48
Apple,Ryzen 7,16,1024,SSD,Integrated,15.3,2.07,4.6,104.84
Lenovo,i5,16,256,SSD,Dedicated,13.9,2.68,7.3,94.79
Acer,Ryzen 3,4,1024,HDD,Dedicated,16.6,1.68,9.4,80.69
Lenovo,i5,16,512,SSD,Integrated,16.1,2.42,5.9,102.12
Acer,Ryzen 5,32,1024,HDD,Integrated,15.8,2.99,4.7,145.59
MSI,i3,4,512,SSD,Dedicated,15.5,1.63,10.2,75.2
Apple,M1,8,256,SSD,Integrated,16.5,2.35,9.0,80.16
Apple,i3,4,512,HDD,Integrated,13.9,2.69,11.9,65.01
ASUS,Ryzen 3,16,512,SSD,Dedicated,16.5,2.83,6.8,101.97
Dell,i3,8,512,HDD,Dedicated,16.2,2.44,4.5,79.73
Acer,i3,4,256,HDD,Integrated,16.0,1.57,9.9,68.0
ASUS,Ryzen 3,32,1024,HDD,Integrated,15.2,1.65,8.2,144.49
Lenovo,Ryzen 7,32,1024,SSD,Integrated,14.0,1.04,5.7,144.63
Lenovo,Ryzen 7,4,256,SSD,Dedicated,14.7,2.52,10.3,71.47
ASUS,Ryzen 3,32,512,SSD,Integrated,16.2,1.09,5.6,136.79
Apple,M1,32,1024,HDD,Integrated,13.1,2.73,6.1,143.54
Lenovo,Ryzen 5,32,256,SSD,Dedicated,16.1,1.24,4.7,141.0
MSI,M2,8,1024,HDD,Dedicated,14.0,1.34,7.2,88.18
MSI,i3,32,256,SSD,Integrated,13.6,1.95,7.4,128.4
ASUS,M1,32,512,HDD,Dedicated,13.5,2.48,8.1,140.74
Acer,i3,32,1024,HDD,Dedicated,13.1,1.28,9.7,141.03
Acer,M2,8,256,HDD,Integrated,15.1,1.88,11.2,81.36
ASUS,Ryzen 5,4,1024,SSD,Dedicated,13.9,1.97,5.1,73.03
Acer,Ryzen 7,16,1024,HDD,Dedicated,17.0,1.42,4.4,113.46
Apple,M1,32,1024,HDD,Integrated,15.3,1.23,4.1,147.88
Apple,i7,4,1024,HDD,Dedicated,13.6,2.67,5.1,72.03
Acer,i7,32,256,HDD,Integrated,15.8,2.0,9.3,142.43
MSI,M2,8,512,HDD,Integrated,16.6,1.03,9.8,88.52
Acer,i7,4,256,HDD,Dedicated,16.0,2.61,10.3,74.75
Apple,Ryzen 7,8,256,SSD,Dedicated,13.3,2.96,5.9,67.71
HP,M2,32,256,SSD,Dedicated,16.6,2.21,6.4,144.12
Dell,Ryzen 7,32,512,HDD,Integrated,16.2,2.01,7.9,143.61
Lenovo,Ryzen 5,8,1024,SSD,Dedicated,13.6,2.76,4.5,80.23
HP,i3,16,1024,SSD,Integrated,13.2,2.91,8.9,96.92
Acer,Ryzen 5,8,1024,HDD,Dedicated,15.2,2.51,11.9,90.38
MSI,Ryzen 5,32,512,HDD,Dedicated,13.6,1.89,6.9,137.67
ASUS,Ryzen 7,8,1024,HDD,Dedicated,16.3,2.18,10.0,97.99
Acer,M2,16,512,SSD,Integrated,14.4,2.4,8.0,99.52
MSI,M2,8,1024,HDD,Dedicated,16.7,1.39,5.0,94.18
Dell,i7,16,1024,SSD,Dedicated,15.3,1.89,8.7,115.97
Acer,i5,16,256,HDD,Integrated,13.7,2.66,6.4,86.31
Apple,i3,8,512,SSD,Integrated,13.6,2.31,4.3,65.54
ASUS,Ryzen 7,8,256,HDD,Dedicated,15.3,1.82,9.1,77.26
MSI,i7,4,256,HDD,Dedicated,16.0,2.33,10.9,74.26
MSI,M1,32,256,SSD,Dedicated,16.1,1.24,6.8,143.29
MSI,i5,16,512,SSD,Integrated,14.1,1.8,7.1,97.02
Dell,i5,4,512,SSD,Integrated,13.8,2.59,11.1,67.3
Acer,Ryzen 7,8,1024,SSD,Integrated,13.1,1.44,10.5,85.48
Dell,Ryzen 3,32,256,SSD,Integrated,15.7,1.37,9.7,136.1
Lenovo,i3,4,1024,SSD,Dedicated,13.3,2.9,6.0,70.93
Lenovo,i5,16,256,HDD,Integrated,14.7,1.42,11.3,100.58
Acer,Ryzen 7,4,512,SSD,Integrated,15.4,1.52,5.2,71.78
Apple,Ryzen 7,16,512,HDD,Integrated,16.7,2.94,9.0,103.64
Dell,i7,8,512,HDD,Dedicated,14.2,2.47,4.2,78.5
ASUS,M1,32,256,SSD,Dedicated,14.0,2.4,9.1,136.72
MSI,Ryzen 3,32,512,HDD,Integrated,15.6,2.71,6.2,133.16
MSI,i3,32,256,SSD,Integrated,15.5,1.23,7.6,132.78
Acer,M2,8,1024,SSD,Dedicated,14.3,2.41,6.8,88.37
Apple,Ryzen 5,16,256,HDD,Dedicated,16.7,2.01,5.4,100.45
Lenovo,M1,8,1024,HDD,Dedicated,16.4,2.66,9.0,99.89
Lenovo,M1,32,256,SSD,Dedicated,13.9,2.02,11.1,137.63
MSI,i7,8,1024,SSD,Dedicated,14.0,2.24,11.7,93.01
Acer,M2,8,512,HDD,Dedicated,15.0,1.96,5.5,82.51
Dell,i5,8,1024,HDD,Dedicated,16.1,1.96,9.7,89.45
Lenovo,i5,16,512,HDD,Dedicated,13.2,2.54,9.3,94.9
Dell,i7,4,512,HDD,Integrated,15.8,2.26,6.7,73.4
Apple,Ryzen 7,4,1024,SSD,Integrated,15.6,2.27,4.2,76.8
Lenovo,i5,8,256,SSD,Integrated,13.9,1.9,9.5,73.1
Lenovo,Ryzen 3,4,256,SSD,Integrated,15.7,2.06,11.6,69.79
HP,i3,4,256,SSD,Integrated,16.8,2.49,9.1,65.71
Lenovo,M1,8,256,HDD,Integrated,13.2,2.65,7.5,68.36
ASUS,M1,8,256,HDD,Dedicated,14.3,2.39,8.2,73.19
Acer,Ryzen 3,32,512,SSD,Dedicated,14.8,2.85,5.6,137.04
Acer,M2,4,256,SSD,Integrated,16.6,2.64,10.0,74.8
Dell,i5,16,512,SSD,Integrated,16.8,2.12,10.0,106.35
Apple,M1,8,512,SSD,Dedicated,14.8,2.34,5.2,78.36
Lenovo,Ryzen 5,32,512,SSD,Dedicated,16.0,2.85,11.0,142.0
ASUS,M2,16,1024,SSD,Dedicated,15.1,2.24,6.2,108.62
Dell,i3,4,1024,SSD,Integrated,15.2,2.65,11.9,74.66
HP,i3,32,512,SSD,Dedicated,14.1,2.38,7.1,138.2
Dell,M1,8,1024,SSD,Integrated,13.9,2.1,5.4,85.23
Dell,i7,16,256,HDD,Integrated,14.2,1.48,6.8,92.74
Lenovo,M2,8,256,SSD,Dedicated,15.2,1.85,7.5,82.26
HP,M1,4,512,HDD,Dedicated,13.1,2.94,4.6,62.89
Dell,i7,16,256,HDD,Integrated,16.6,2.32,8.6,101.77
ASUS,M1,4,512,SSD,Dedicated,13.6,2.13,8.8,68.05
ASUS,Ryzen 5,4,512,SSD,Dedicated,13.9,2.87,9.9,69.5
Acer,M2,32,256,HDD,Integrated,15.1,2.17,4.2,133.55
HP,Ryzen 7,8,1024,HDD,Dedicated,15.8,2.05,8.3,94.94
HP,i3,16,256,SSD,Integrated,13.4,2.52,4.4,82.93
Acer,M1,4,256,HDD,Integrated,14.3,2.43,9.6,64.19
Dell,Ryzen 5,4,512,SSD,Dedicated,16.9,1.39,4.4,78.04
HP,i7,16,512,SSD,Integrated,14.0,1.94,11.3,100.16
ASUS,i7,4,512,SSD,Integrated,14.3,1.95,9.6,68.69
ASUS,i3,32,512,HDD,Dedicated,16.3,1.76,8.1,144.94
Lenovo,Ryzen 3,32,1024,HDD,Dedicated,13.2,2.03,7.5,138.24
HP,M1,32,1024,SSD,Dedicated,14.9,1.83,5.0,151.53
Dell,M2,32,1024,HDD,Integrated,14.5,1.4,6.3,147.52
Acer,i5,4,512,HDD,Integrated,14.3,1.82,11.0,69.85
Acer,i7,16,512,HDD,Dedicated,14.1,1.14,11.2,101.13
Dell,M2,16,512,HDD,Integrated,13.4,2.15,4.0,93.09
Apple,M2,16,1024,HDD,Dedicated,14.3,2.71,8.8,110.24
MSI,Ryzen 7,16,512,HDD,Dedicated,13.2,2.45,9.8,100.51
Lenovo,M2,8,256,HDD,Integrated,16.1,1.72,8.9,84.04
Acer,M2,16,256,SSD,Dedicated,14.6,1.17,4.7,97.86
HP,Ryzen 7,8,512,HDD,Integrated,14.8,1.4,5.7,79.18
Lenovo,i7,8,256,HDD,Integrated,16.6,2.09,6.0,81.82
HP,M2,32,256,HDD,Dedicated,15.6,1.41,10.7,145.69
Apple,Ryzen 3,8,1024,HDD,Integrated,13.0,2.09,7.7,76.77
ASUS,Ryzen 3,4,512,HDD,Dedicated,16.8,1.46,7.9,71.43
Lenovo,Ryzen 5,8,512,HDD,Integrated,13.9,2.7,11.5,75.97
Acer,Ryzen 7,32,1024,HDD,Integrated,13.4,1.79,9.1,140.68
Lenovo,Ryzen 5,8,256,HDD,Integrated,16.1,1.49,11.2,80.64
Lenovo,Ryzen 7,4,256,SSD,Dedicated,15.0,2.62,7.7,70.05
Lenovo,M1,4,512,HDD,Integrated,14.7,1.69,5.2,64.17
MSI,M1,4,256,HDD,Dedicated,14.0,1.22,11.4,73.6
Lenovo,M2,32,1024,HDD,Integrated,15.2,2.14,7.7,149.25
HP,i5,32,1024,HDD,Integrated,14.1,2.16,5.5,140.77
ASUS,M1,16,512,SSD,Dedicated,16.6,2.43,6.4,105.95
Apple,i5,32,1024,SSD,Dedicated,13.9,1.48,4.4,139.93
Dell,M1,4,1024,SSD,Dedicated,16.5,1.89,7.7,84.62
Lenovo,i3,4,512,SSD,Dedicated,15.2,1.56,10.8,76.77
Acer,M1,32,1024,SSD,Dedicated,16.3,1.16,11.5,157.53
Lenovo,Ryzen 5,8,1024,SSD,Integrated,15.9,2.75,11.5,86.96
Acer,i7,32,1024,SSD,Integrated,15.8,2.46,5.0,147.35
HP,M2,32,256,SSD,Dedicated,14.3,1.6,7.1,138.85
Acer,Ryzen 5,4,512,SSD,Integrated,13.9,2.2,4.2,60.79
Dell,i7,16,512,SSD,Integrated,13.8,1.4,10.8,99.65
ASUS,Ryzen 3,4,512,SSD,Integrated,16.4,2.78,6.9,69.52
Acer,Ryzen 5,16,256,SSD,Dedicated,16.3,1.23,9.0,101.92
Acer,Ryzen 3,4,256,SSD,Integrated,14.8,1.01,9.7,64.87
ASUS,i5,32,512,SSD,Integrated,13.5,2.0,7.4,135.15
Dell,i5,4,256,SSD,Integrated,14.5,2.17,6.5,59.29
Lenovo,i3,4,512,SSD,Dedicated,15.5,2.16,11.7,68.66
Acer,M1,4,256,HDD,Integrated,14.8,1.11,11.7,72.28
ASUS,Ryzen 5,32,1024,SSD,Integrated,16.1,1.63,6.3,153.26
HP,Ryzen 3,32,1024,HDD,Dedicated,17.0,2.0,7.8,152.59
ASUS,i7,32,512,SSD,Dedicated,13.8,1.43,11.8,143.78
HP,i5,32,256,SSD,Integrated,14.8,2.75,4.0,128.72
Dell,M1,16,256,HDD,Integrated,14.7,1.17,7.3,100.2
Lenovo,i5,16,1024,SSD,Dedicated,14.2,1.97,4.8,103.69
ASUS,i7,8,1024,HDD,Dedicated,13.8,2.38,8.1,86.3
Apple,M1,32,256,HDD,Dedicated,13.3,1.52,4.2,134.64
Apple,M1,16,256,HDD,Dedicated,16.5,2.25,7.3,102.84
MSI,Ryzen 3,4,256,SSD,Dedicated,14.7,2.66,5.8,59.02
Acer,Ryzen 3,32,256,SSD,Dedicated,15.0,1.38,8.3,138.17
Dell,Ryzen 5,8,256,SSD,Dedicated,16.7,2.83,12.0,83.11
ASUS,Ryzen 5,8,256,HDD,Integrated,16.1,2.11,10.4,77.34
Apple,Ryzen 7,8,512,HDD,Dedicated,13.5,1.6,10.8,85.62
Acer,M2,4,256,SSD,Dedicated,15.3,1.86,9.1,72.87
Apple,Ryzen 7,16,1024,SSD,Integrated,14.8,1.62,4.3,105.76
ASUS,i3,4,512,SSD,Dedicated,16.2,2.45,5.7,70.22
HP,i5,32,256,SSD,Dedicated,15.9,2.59,11.4,140.0
ASUS,Ryzen 5,8,1024,SSD,Integrated,15.8,2.67,6.9,87.65
MSI,Ryzen 3,4,512,HDD,Dedicated,14.4,2.97,4.8,63.89
ASUS,i7,4,1024,HDD,Integrated,16.2,2.58,9.6,80.45
ASUS,Ryzen 3,16,256,HDD,Integrated,13.2,2.2,6.4,86.13
MSI,i5,16,256,SSD,Integrated,13.6,1.68,6.2,88.05
Dell,Ryzen 7,8,256,HDD,Integrated,14.3,2.09,12.0,75.0
ASUS,Ryzen 3,4,256,HDD,Dedicated,13.3,1.08,10.9,61.43
MSI,M2,4,512,HDD,Integrated,13.9,2.49,7.3,68.03
Acer,i3,16,512,HDD,Integrated,16.3,1.89,11.8,102.42
HP,i5,4,1024,HDD,Dedicated,16.8,1.04,9.2,89.56
HP,Ryzen 7,4,256,SSD,Integrated,14.2,1.13,9.9,66.58
ASUS,M2,4,1024,HDD,Integrated,14.1,1.77,4.3,72.87
Dell,i7,16,512,SSD,Integrated,14.1,2.17,5.0,95.04
Dell,Ryzen 7,8,256,SSD,Integrated,14.1,1.93,9.1,71.94
Acer,M1,32,256,SSD,Dedicated,13.1,2.24,11.2,136.57
ASUS,M2,8,512,SSD,Integrated,16.7,1.96,9.0,88.68
HP,M2,32,512,SSD,Dedicated,13.9,2.32,5.1,139.37
Dell,i3,4,512,HDD,Dedicated,14.7,1.44,4.9,69.15
ASUS,i5,8,512,HDD,Integrated,13.0,1.23,10.8,80.67
Apple,i7,32,512,SSD,Integrated,16.4,2.19,5.1,143.02
Dell,i3,16,256,SSD,Integrated,15.9,1.97,8.2,97.5
MSI,Ryzen 7,16,512,SSD,Integrated,16.8,1.05,4.3,109.03
Apple,i3,8,256,HDD,Dedicated,16.1,1.76,4.6,74.17
Dell,M2,8,256,SSD,Dedicated,14.3,1.21,9.4,81.71
HP,i5,4,512,HDD,Dedicated,14.0,2.06,9.5,68.23
Lenovo,Ryzen 5,8,512,SSD,Integrated,15.8,1.79,6.7,81.44
Apple,i3,4,256,HDD,Dedicated,14.5,2.23,5.7,62.1
Acer,M1,4,512,SSD,Integrated,15.3,2.61,10.5,71.43
Acer,i3,16,512,HDD,Integrated,13.0,1.6,5.7,88.86
HP,Ryzen 7,16,512,SSD,Integrated,13.2,2.92,8.3,95.63
Dell,Ryzen 7,32,1024,HDD,Integrated,15.1,2.07,11.7,148.31
ASUS,i7,16,256,HDD,Integrated,15.3,2.24,5.2,92.95
Dell,Ryzen 7,16,1024,HDD,Dedicated,16.0,2.36,11.5,114.13
HP,Ryzen 3,8,512,HDD,Dedicated,13.5,2.33,5.5,72.74
Acer,i5,16,1024,HDD,Integrated,15.1,2.02,8.5,108.91
Dell,i5,32,512,HDD,Dedicated,13.8,1.86,7.0,132.87
Acer,Ryzen 5,8,1024,HDD,Integrated,13.4,1.11,11.7,85.44
Apple,Ryzen 5,32,512,SSD,Integrated,14.6,1.04,6.2,135.03
ASUS,i5,16,1024,SSD,Integrated,13.7,1.72,7.2,103.65
Apple,M1,32,1024,SSD,Dedicated,13.9,1.67,11.9,151.6
Acer,Ryzen 5,8,1024,SSD,Integrated,14.3,1.78,8.3,84.49
Acer,i7,4,256,SSD,Integrated,14.0,1.28,8.0,64.32
Lenovo,Ryzen 7,32,1024,HDD,Dedicated,13.4,2.48,6.1,145.97
Lenovo,i5,32,256,HDD,Dedicated,13.4,2.71,9.6,136.75
Apple,M2,8,512,HDD,Dedicated,13.8,2.88,4.1,74.77
MSI,Ryzen 5,8,1024,HDD,Integrated,13.2,1.98,4.4,75.6
Apple,i5,32,512,HDD,Integrated,15.5,2.4,8.8,140.26
Lenovo,Ryzen 3,16,512,SSD,Dedicated,14.1,2.71,6.7,92.64
Acer,i3,32,1024,SSD,Integrated,14.1,1.84,11.6,146.05
HP,Ryzen 7,8,256,SSD,Dedicated,14.3,1.62,11.2,82.46
Apple,i5,4,1024,SSD,Dedicated,15.7,2.87,9.7,79.82
Acer,i3,4,512,HDD,Integrated,16.5,2.03,10.5,71.01
HP,Ryzen 5,16,512,HDD,Integrated,16.0,1.99,9.3,101.59
HP,i3,32,1024,HDD,Dedicated,15.9,1.36,5.0,148.23
Lenovo,Ryzen 7,4,256,SSD,Dedicated,14.9,1.22,10.1,72.42
Apple,i5,32,256,HDD,Dedicated,15.8,2.68,5.7,132.27
Dell,Ryzen 3,8,512,SSD,Dedicated,15.2,2.23,6.6,76.28
ASUS,M1,4,512,HDD,Integrated,13.9,1.65,10.6,69.58
Lenovo,Ryzen 5,16,256,HDD,Dedicated,13.8,1.38,8.3,93.22
Lenovo,i5,8,1024,SSD,Dedicated,14.2,2.11,10.9,82.79
Dell,Ryzen 7,16,512,HDD,Dedicated,16.6,2.17,5.7,102.01
ASUS,Ryzen 5,8,256,HDD,Integrated,15.2,1.41,8.9,73.83
Acer,i7,4,512,SSD,Integrated,15.9,2.7,4.7,68.86
MSI,i3,16,1024,HDD,Dedicated,14.4,1.17,9.1,106.21
Apple,M1,16,256,SSD,Integrated,14.6,1.71,10.1,96.89
MSI,Ryzen 7,8,512,HDD,Integrated,13.5,2.36,8.7,77.19
Acer,i7,16,1024,HDD,Integrated,13.7,1.55,6.1,104.61
Lenovo,M2,8,512,HDD,Dedicated,16.3,2.66,4.3,85.33
ASUS,i5,8,1024,HDD,Dedicated,15.3,2.48,5.0,86.78
Lenovo,Ryzen 3,8,1024,HDD,Integrated,14.4,2.58,9.0,80.18
HP,Ryzen 5,8,256,HDD,Dedicated,16.2,1.24,11.5,83.31
Lenovo,i3,4,1024,HDD,Dedicated,14.0,1.28,5.7,69.58
Lenovo,Ryzen 5,8,512,HDD,Integrated,16.9,1.57,9.9,85.44
Acer,M1,32,1024,SSD,Integrated,14.4,2.04,10.9,150.79
Acer,i5,16,1024,SSD,Dedicated,14.3,2.5,8.2,108.78
Acer,Ryzen 5,32,256,HDD,Integrated,14.2,2.67,9.4,131.47
MSI,i3,4,1024,HDD,Dedicated,13.5,2.41,10.5,74.63
HP,i5,32,1024,SSD,Dedicated,13.4,2.86,6.1,135.44
Acer,Ryzen 5,16,512,HDD,Integrated,15.6,2.48,6.4,97.01
ASUS,Ryzen 3,32,256,HDD,Dedicated,16.5,1.61,4.0,136.21
MSI,Ryzen 7,4,256,SSD,Dedicated,16.2,1.53,11.7,79.49
Dell,i5,8,256,HDD,Integrated,13.6,2.39,11.3,72.88
ASUS,Ryzen 7,32,1024,HDD,Integrated,15.2,1.39,10.1,151.94
Apple,M2,4,256,SSD,Integrated,13.4,1.19,4.6,62.82
Apple,i5,4,1024,HDD,Dedicated,13.2,2.06,7.6,73.04
ASUS,Ryzen 3,16,1024,HDD,Integrated,15.6,2.64,4.8,105.1
Acer,Ryzen 7,16,512,SSD,Integrated,15.1,1.2,4.1,93.85
Dell,i7,32,512,HDD,Integrated,13.3,2.58,8.9,135.12
Dell,i3,8,512,SSD,Integrated,13.1,2.62,11.7,74.67
MSI,i7,4,512,HDD,Dedicated,17.0,1.96,11.2,77.92
Dell,Ryzen 5,32,512,HDD,Dedicated,13.1,1.11,9.6,139.67
Apple,Ryzen 3,4,1024,SSD,Integrated,14.8,1.35,4.8,70.05
HP,i7,4,1024,SSD,Dedicated,15.0,2.41,6.2,78.92
Acer,i5,8,256,HDD,Integrated,13.5,2.42,6.6,66.43
Dell,Ryzen 5,8,1024,SSD,Integrated,13.7,2.8,10.1,84.26
MSI,Ryzen 5,32,1024,SSD,Dedicated,14.4,2.17,10.4,148.05
Apple,i7,8,512,HDD,Dedicated,16.0,1.25,7.1,88.18
HP,M2,8,1024,HDD,Integrated,15.0,1.24,7.3,91.21
Lenovo,i7,32,512,HDD,Integrated,15.6,2.44,4.4,136.75
Lenovo,M2,8,256,SSD,Dedicated,16.9,1.37,6.3,87.53
HP,Ryzen 3,16,256,SSD,Integrated,16.1,1.66,7.6,94.4
Apple,i3,4,1024,SSD,Dedicated,14.7,1.97,4.9,73.55
MSI,i7,4,256,SSD,Integrated,14.8,1.05,7.6,66.13
HP,M1,4,1024,HDD,Integrated,15.5,1.5,10.8,85.05
Acer,M2,4,256,SSD,Dedicated,15.7,1.82,8.7,75.25
Acer,i7,32,512,HDD,Dedicated,15.0,1.56,4.6,140.96
Lenovo,Ryzen 7,4,512,SSD,Dedicated,15.6,1.27,5.5,72.6
Dell,i5,4,512,HDD,Dedicated,13.1,2.46,7.8,61.99
MSI,M1,4,512,HDD,Dedicated,14.7,2.63,6.9,71.63
Lenovo,M1,4,1024,HDD,Dedicated,14.1,1.51,6.9,77.65
Dell,M2,16,256,SSD,Dedicated,13.5,2.55,8.2,92.32
Dell,Ryzen 7,4,1024,HDD,Integrated,13.4,1.77,8.7,71.2
Acer,Ryzen 7,16,512,HDD,Integrated,15.4,2.01,10.4,106.44
Apple,Ryzen 5,32,1024,SSD,Integrated,15.1,2.71,6.7,142.64
ASUS,M2,8,256,HDD,Dedicated,14.0,2.5,10.4,81.57
Apple,i3,4,1024,SSD,Dedicated,14.9,2.61,6.7,73.79
ASUS,i5,8,256,SSD,Dedicated,15.0,1.27,4.4,77.93
HP,Ryzen 3,8,1024,HDD,Integrated,13.8,1.14,8.4,84.1
Acer,M1,32,256,HDD,Dedicated,15.6,2.79,8.7,139.76
Dell,Ryzen 3,8,256,SSD,Dedicated,16.1,1.78,11.5,77.69
MSI,i7,16,512,HDD,Integrated,16.2,1.58,9.8,101.94
ASUS,i7,8,256,SSD,Dedicated,15.4,2.45,11.3,80.79
Apple,Ryzen 3,8,512,SSD,Integrated,15.0,2.67,11.3,81.49
Dell,i7,8,512,SSD,Integrated,13.2,2.72,8.8,73.42
ASUS,i3,4,512,HDD,Dedicated,14.2,1.63,8.2,67.69
ASUS,Ryzen 7,4,1024,SSD,Dedicated,13.4,2.7,8.5,77.92
ASUS,i7,16,1024,HDD,Dedicated,16.9,1.08,11.8,121.1
MSI,Ryzen 5,16,1024,HDD,Integrated,13.5,1.1,10.2,104.52
Acer,i7,4,1024,HDD,Integrated,13.6,2.25,4.9,71.95
MSI,i5,16,256,HDD,Integrated,16.6,1.13,10.2,102.68
Lenovo,i3,4,256,SSD,Dedicated,16.8,1.65,5.4,68.89
Dell,i5,32,1024,HDD,Dedicated,16.1,2.35,7.6,149.77
Acer,i5,8,256,SSD,Dedicated,13.0,1.67,5.7,70.05
Acer,Ryzen 5,8,256,SSD,Dedicated,13.0,1.36,9.5,75.59
Acer,i3,16,512,HDD,Integrated,14.5,1.56,11.0,101.2
Apple,i3,4,512,SSD,Integrated,13.6,1.92,6.3,61.22
Acer,M2,4,512,SSD,Integrated,13.1,1.95,4.7,65.33
MSI,i3,16,512,HDD,Integrated,14.9,2.57,6.4,94.18
Acer,i3,4,256,SSD,Dedicated,16.8,2.5,9.4,70.84
HP,i3,32,1024,SSD,Dedicated,14.3,1.91,6.6,144.7
Dell,Ryzen 5,8,256,SSD,Dedicated,15.6,2.69,6.2,78.94
Acer,i7,16,256,SSD,Integrated,15.6,1.23,5.5,95.42
Dell,M2,16,256,HDD,Integrated,14.0,1.51,8.0,93.07
HP,i5,4,512,SSD,Dedicated,15.6,2.66,6.2,69.38
HP,i3,16,512,SSD,Dedicated,13.8,1.76,9.8,97.7
Dell,M1,32,512,SSD,Integrated,13.5,2.96,4.6,134.16
ASUS,i7,4,1024,SSD,Dedicated,15.8,1.93,9.3,82.33
Lenovo,i7,4,256,HDD,Integrated,13.5,2.58,5.9,54.21
Apple,i5,4,1024,SSD,Integrated,17.0,1.8,7.9,80.96
ASUS,Ryzen 5,4,512,HDD,Integrated,13.7,1.85,6.3,62.66
ASUS,Ryzen 3,32,1024,SSD,Dedicated,15.4,1.77,9.8,147.42
MSI,Ryzen 3,4,256,HDD,Dedicated,14.6,2.44,11.6,64.75
Apple,i7,16,256,HDD,Integrated,13.5,2.1,11.3,95.96
Apple,Ryzen 7,32,512,HDD,Dedicated,13.1,2.89,8.7,136.76
ASUS,Ryzen 7,8,512,HDD,Integrated,15.5,1.5,7.7,82.78
Acer,i5,8,1024,HDD,Integrated,16.2,1.2,10.5,91.85
MSI,Ryzen 3,16,512,SSD,Integrated,16.4,1.79,9.5,100.29
MSI,i7,16,512,SSD,Integrated,14.9,2.23,5.5,96.71
HP,Ryzen 5,32,256,SSD,Dedicated,16.1,2.72,10.6,142.54
Apple,Ryzen 3,8,512,HDD,Integrated,15.7,1.69,7.4,75.18
ASUS,i7,8,512,SSD,Integrated,15.9,2.31,5.5,83.62
HP,i7,8,256,HDD,Dedicated,15.0,1.7,6.3,79.48
Dell,i3,8,256,HDD,Integrated,15.5,2.23,6.1,70.8
Lenovo,Ryzen 5,8,1024,SSD,Integrated,16.2,2.77,8.2,89.99
MSI,i3,4,512,SSD,Dedicated,14.6,1.46,5.9,69.45
Dell,i5,16,256,HDD,Dedicated,16.2,1.81,5.0,98.06
Dell,i3,4,1024,HDD,Dedicated,15.4,2.99,5.0,73.64
Acer,M1,8,1024,SSD,Integrated,13.7,2.74,8.7,87.3
Lenovo,i3,32,512,SSD,Dedicated,13.1,2.13,9.9,138.94
Dell,M1,32,512,SSD,Dedicated,14.5,2.03,6.6,141.47
Dell,Ryzen 3,8,1024,SSD,Integrated,15.2,1.57,4.3,79.73
Lenovo,Ryzen 7,8,256,HDD,Integrated,16.4,2.03,5.0,77.05
Lenovo,M2,32,1024,SSD,Integrated,13.5,2.7,11.3,148.92
Dell,M2,4,512,SSD,Integrated,16.2,2.37,7.9,72.98
Lenovo,i7,4,256,SSD,Integrated,16.5,1.58,7.6,70.63
Dell,M2,8,256,HDD,Dedicated,13.6,1.4,4.3,75.57
Dell,M1,4,1024,HDD,Dedicated,16.4,1.53,9.8,86.26
Acer,Ryzen 5,32,512,HDD,Dedicated,17.0,1.34,8.2,150.42
ASUS,i3,4,1024,HDD,Integrated,15.9,1.19,5.6,77.14
Dell,M1,8,1024,SSD,Integrated,16.1,1.84,4.9,93.84
HP,Ryzen 5,32,1024,HDD,Integrated,17.0,1.23,7.1,153.76
MSI,Ryzen 7,4,256,SSD,Dedicated,15.4,1.34,10.7,71.67
Apple,M2,16,256,SSD,Dedicated,14.2,2.09,10.9,102.09
ASUS,Ryzen 7,32,512,SSD,Integrated,16.4,1.33,8.8,147.9
ASUS,M2,32,512,SSD,Dedicated,15.5,1.13,9.8,151.4
ASUS,i3,16,1024,HDD,Integrated,15.3,1.63,4.9,101.18
Acer,i5,16,1024,HDD,Dedicated,14.0,1.44,8.7,105.37
Dell,i3,32,1024,HDD,Dedicated,16.0,2.03,9.3,148.48
Acer,Ryzen 3,16,512,SSD,Dedicated,13.3,1.2,5.6,96.47
Dell,M1,8,256,SSD,Integrated,16.7,2.5,11.0,85.24
Acer,i7,8,256,SSD,Dedicated,14.3,2.81,5.6,72.36
Acer,i5,8,1024,SSD,Dedicated,13.5,2.49,6.5,82.58
MSI,i3,32,1024,SSD,Integrated,14.8,2.07,9.0,143.61
HP,Ryzen 5,16,1024,HDD,Dedicated,13.2,2.72,9.1,101.21
Acer,i5,16,1024,SSD,Integrated,15.7,2.39,9.6,108.63
MSI,M1,4,512,HDD,Integrated,16.6,1.02,4.9,75.25
Lenovo,M2,4,256,SSD,Integrated,16.3,1.79,10.8,78.56
HP,i5,16,1024,SSD,Integrated,13.5,2.7,8.3,99.14
Acer,M2,16,512,HDD,Integrated,13.5,1.69,7.8,94.47
Apple,M1,16,1024,HDD,Dedicated,16.3,1.07,11.8,118.0
ASUS,i3,32,1024,SSD,Integrated,16.7,2.49,9.9,147.86
Lenovo,M1,16,256,SSD,Integrated,14.8,2.6,4.9,92.41
Lenovo,i5,4,1024,SSD,Integrated,15.0,1.32,10.1,76.37
MSI,Ryzen 5,32,256,SSD,Integrated,14.3,2.07,4.8,131.12
Lenovo,Ryzen 7,16,256,HDD,Dedicated,16.6,1.38,4.2,99.7
HP,i5,4,256,SSD,Integrated,15.6,2.44,7.2,64.78
Acer,M1,32,512,HDD,Dedicated,14.2,1.54,11.9,149.49
Acer,Ryzen 7,16,512,SSD,Integrated,14.2,1.63,5.4,97.26
Apple,M1,16,256,HDD,Dedicated,16.6,2.69,9.4,106.03
ASUS,Ryzen 5,16,1024,HDD,Integrated,13.1,1.95,5.4,101.77
MSI,M1,32,256,SSD,Integrated,14.3,2.34,9.8,138.56
ASUS,i3,4,1024,HDD,Dedicated,15.2,1.8,8.0,78.79
Lenovo,i7,4,256,SSD,Integrated,13.6,1.6,9.4,63.14
Apple,M2,8,1024,HDD,Dedicated,13.4,2.25,5.6,85.62
ASUS,M2,16,512,SSD,Integrated,16.3,1.31,10.0,108.47
HP,i5,8,1024,HDD,Dedicated,16.6,1.75,12.0,96.33
Acer,i7,8,256,SSD,Integrated,16.3,1.42,9.3,82.47
Lenovo,M1,4,512,SSD,Integrated,16.6,2.39,7.9,75.92
Apple,Ryzen 5,32,1024,HDD,Dedicated,15.2,2.89,11.4,148.26
ASUS,i5,32,1024,HDD,Integrated,16.2,2.99,4.1,148.02
MSI,M1,4,1024,HDD,Integrated,14.5,1.9,9.8,79.67
HP,Ryzen 7,32,1024,HDD,Integrated,15.7,1.51,11.1,152.55
HP,Ryzen 3,8,1024,SSD,Integrated,17.0,1.89,4.5,87.57
ASUS,M1,16,512,HDD,Integrated,13.9,2.69,7.6,98.29
Acer,i7,4,512,SSD,Integrated,14.6,1.41,5.6,64.91
ASUS,i5,16,512,HDD,Dedicated,14.9,2.9,8.5,99.62
Lenovo,i7,32,512,SSD,Dedicated,13.6,1.68,9.2,137.95
ASUS,i5,16,256,SSD,Dedicated,13.3,2.97,6.4,94.72
HP,M1,32,512,SSD,Integrated,16.3,2.68,7.7,144.0
Apple,i3,32,1024,SSD,Dedicated,16.9,2.62,6.2,147.73
ASUS,Ryzen 7,8,1024,HDD,Integrated,14.6,1.64,7.0,93.5
Acer,M1,32,512,HDD,Integrated,13.4,1.02,5.3,134.52
Apple,M2,8,1024,SSD,Integrated,13.3,1.76,11.1,87.08
MSI,i7,8,512,HDD,Integrated,16.6,1.6,4.1,82.09
Dell,Ryzen 3,8,1024,HDD,Dedicated,14.9,1.07,11.1,88.64
ASUS,Ryzen 3,4,256,SSD,Integrated,14.3,2.01,8.6,61.1
Acer,Ryzen 5,4,256,HDD,Dedicated,14.9,1.81,6.7,61.76
Apple,i5,32,512,HDD,Integrated,14.3,2.27,9.8,139.19
Acer,i7,8,512,HDD,Dedicated,15.0,2.24,8.1,80.54
MSI,Ryzen 5,4,512,SSD,Dedicated,16.4,1.24,8.0,75.59
HP,i7,8,1024,HDD,Dedicated,15.4,2.95,4.9,89.56
Acer,M2,16,512,SSD,Dedicated,15.8,1.37,7.1,107.3
Apple,i5,16,256,HDD,Dedicated,14.5,1.89,5.9,93.9
Acer,M1,16,1024,HDD,Dedicated,16.0,1.98,4.1,109.65
Acer,M1,32,512,HDD,Integrated,15.7,2.63,6.9,145.55
Acer,Ryzen 3,8,1024,SSD,Dedicated,13.5,1.2,4.7,81.88
Lenovo,M1,16,1024,SSD,Integrated,15.3,1.86,6.1,106.18
Lenovo,M1,4,512,HDD,Dedicated,14.0,2.26,4.7,68.41
HP,M2,16,1024,SSD,Integrated,16.2,1.43,4.8,109.35
ASUS,i3,16,256,HDD,Dedicated,14.7,2.25,5.6,95.49
Acer,Ryzen 3,16,256,SSD,Dedicated,17.0,2.85,12.0,103.56
MSI,Ryzen 5,32,1024,SSD,Integrated,13.4,3.0,4.0,134.31
ASUS,Ryzen 7,4,512,HDD,Dedicated,16.1,1.06,9.1,80.07
MSI,i3,8,1024,HDD,Dedicated,15.7,1.47,5.1,86.78
ASUS,Ryzen 5,4,256,HDD,Dedicated,16.1,1.62,11.4,71.25
HP,i5,8,1024,HDD,Integrated,14.2,1.8,4.7,81.78
Acer,i3,32,1024,SSD,Dedicated,15.0,1.48,11.6,151.13
Acer,M2,32,256,SSD,Integrated,16.2,1.41,8.9,145.72
Dell,Ryzen 5,32,1024,SSD,Dedicated,13.9,2.91,4.0,141.02
MSI,i5,32,1024,HDD,Dedicated,13.9,2.84,11.2,146.97
ASUS,Ryzen 3,8,512,HDD,Integrated,15.2,1.09,8.2,78.53
ASUS,Ryzen 7,16,512,SSD,Dedicated,15.1,1.68,6.1,105.53
Lenovo,i5,8,256,HDD,Dedicated,14.1,1.81,10.1,75.88
Dell,M1,4,256,SSD,Integrated,14.2,1.48,11.4,69.28
Apple,i7,32,256,SSD,Dedicated,14.1,2.26,7.9,137.3
Apple,i5,32,512,SSD,Integrated,16.1,2.28,6.5,140.46
Lenovo,i5,4,256,SSD,Integrated,15.6,2.7,10.3,66.13
Lenovo,Ryzen 7,8,256,SSD,Integrated,16.3,2.48,9.5,80.86
Lenovo,i7,16,256,HDD,Dedicated,16.9,2.09,11.1,107.1
MSI,M1,16,512,HDD,Integrated,14.9,2.31,9.5,105.43
MSI,Ryzen 5,4,1024,HDD,Integrated,13.3,1.55,5.9,68.74
HP,Ryzen 5,16,256,SSD,Dedicated,13.2,2.19,11.5,92.53
HP,i5,8,1024,SSD,Integrated,14.2,1.98,4.8,80.82
Lenovo,M2,8,256,SSD,Dedicated,16.7,1.27,6.1,85.76
Dell,M2,4,1024,SSD,Dedicated,15.1,1.49,8.2,84.38
ASUS,i7,8,512,HDD,Dedicated,14.1,1.58,8.5,80.5
MSI,i7,32,512,HDD,Dedicated,14.6,2.85,4.1,137.71
Dell,M1,4,256,SSD,Integrated,15.4,1.46,10.2,71.27
Acer,Ryzen 7,8,1024,SSD,Integrated,15.6,1.58,6.9,91.12
MSI,Ryzen 3,4,512,SSD,Integrated,13.6,1.74,7.3,61.9
MSI,Ryzen 5,16,256,HDD,Integrated,16.9,2.33,10.5,101.65
HP,Ryzen 7,8,256,HDD,Integrated,15.2,1.24,7.0,78.21
ASUS,i3,32,512,HDD,Dedicated,13.5,2.91,4.4,132.07
ASUS,Ryzen 5,8,512,SSD,Integrated,16.6,2.73,5.4,77.74
Apple,Ryzen 7,4,256,SSD,Integrated,13.3,2.15,11.6,61.29
Apple,Ryzen 5,4,1024,HDD,Integrated,16.6,2.35,4.6,80.71
Apple,Ryzen 3,8,1024,SSD,Dedicated,17.0,1.03,6.8,94.66
Apple,i3,32,1024,HDD,Dedicated,15.8,1.68,8.0,149.2
Acer,M2,32,256,SSD,Integrated,16.1,2.59,7.9,140.61
Acer,M2,32,512,HDD,Dedicated,14.3,1.15,4.0,140.27
MSI,Ryzen 3,4,256,SSD,Integrated,16.8,1.56,8.0,68.72
Lenovo,M1,8,512,HDD,Integrated,15.1,2.17,7.1,78.46
HP,i3,16,1024,HDD,Dedicated,15.9,1.51,11.8,114.92
HP,i5,4,1024,HDD,Dedicated,16.7,2.87,5.3,80.75
Apple,Ryzen 7,32,512,HDD,Integrated,16.9,1.26,6.8,146.35
MSI,i3,8,512,HDD,Integrated,16.3,2.59,7.4,76.83
Dell,M1,32,256,HDD,Dedicated,14.2,2.02,7.1,138.14
Lenovo,M1,16,1024,SSD,Integrated,16.9,2.5,9.3,113.01
MSI,Ryzen 3,32,256,SSD,Dedicated,15.5,1.62,5.7,134.09
Lenovo,Ryzen 5,32,256,SSD,Integrated,16.7,2.03,5.8,137.71
Lenovo,i3,16,256,HDD,Dedicated,15.7,2.71,9.8,102.73
Lenovo,Ryzen 7,8,1024,HDD,Integrated,14.2,1.93,8.0,85.81
MSI,i3,4,256,SSD,Integrated,14.5,1.72,7.3,55.46
Apple,i7,8,256,HDD,Dedicated,15.2,2.07,5.4,76.37
HP,Ryzen 5,16,256,HDD,Integrated,16.2,2.43,5.5,96.56
HP,Ryzen 7,32,256,HDD,Integrated,14.3,1.89,4.1,128.93
Apple,M2,8,256,HDD,Dedicated,15.3,2.88,4.7,79.84
Lenovo,Ryzen 7,4,256,HDD,Integrated,14.4,1.59,8.5,65.77
Dell,i5,16,1024,SSD,Integrated,16.3,1.95,11.1,114.2
ASUS,Ryzen 3,8,256,SSD,Integrated,14.9,2.51,6.3,68.7
MSI,i5,4,512,SSD,Dedicated,13.3,2.38,6.6,63.02
ASUS,Ryzen 7,16,256,SSD,Dedicated,13.7,2.73,4.9,92.89
Apple,Ryzen 5,4,256,SSD,Dedicated,13.2,2.99,7.1,59.62
Dell,i3,16,1024,HDD,Integrated,15.0,1.85,4.3,100.89
MSI,M2,32,1024,HDD,Integrated,13.4,1.22,11.3,151.91
